{
  "precision": 1.0,
  "recall": 0.8333333333333334,
  "false_positive_rate": 0.0,
  "adaptation_latency_seconds_mean": 4.2690485,
  "average_observed_load": 15.245000000000005,
  "average_cpu_budget": 0.7944444444444444,
  "containment_pressure": 0.2055555555555556,
  "switching_rate": 0.1111111111111111,
  "unnecessary_escalations": 0,
  "benign_restriction_rate": 0.0,
  "malicious_containment_rate": 0.8333333333333334,
  "tier_occupancy": {
    "L1": 0.7222222222222222,
    "L2": 0.05555555555555555,
    "L3": 0.2222222222222222
  },
  "explanation_coverage": 1.0,
  "mean_time_to_safe_containment": 8.538097,
  "total_records": 18
}