{
  "tier_field": "new_tier",
  "precision": 0.6,
  "recall": 1.0,
  "false_positive_rate": 0.3333333333333333,
  "adaptation_latency_seconds_mean": 15.619094333333335,
  "average_observed_load": 15.140555555555554,
  "average_cpu_budget": 0.6222222222222222,
  "containment_pressure": 0.37777777777777777,
  "switching_rate": 0.05555555555555555,
  "unnecessary_escalations": 4,
  "benign_restriction_rate": 0.3333333333333333,
  "malicious_containment_rate": 1.0,
  "tier_occupancy": {
    "L1": 0.4444444444444444,
    "L2": 0.2222222222222222,
    "L3": 0.3333333333333333
  },
  "explanation_coverage": 1.0,
  "mean_time_to_safe_containment": 0.0,
  "total_records": 18
}