{
  "ml": {
    "precision": 0.3333333333333333,
    "recall": 0.2777777777777778,
    "false_positive_rate": 0.1111111111111111,
    "switching_rate": 0.05555555555555555
  },
  "linear": {
    "precision": 0.8666666666666667,
    "recall": 1.0,
    "false_positive_rate": 0.1111111111111111,
    "switching_rate": 0.018518518518518517
  },
  "decision_rule": "prefer recall at equal or lower FPR"
}