{
  "precision": 1.0,
  "recall": 0.3333333333333333,
  "false_positive_rate": 0.0,
  "adaptation_latency_seconds_mean": 0.0,
  "average_observed_load": 19.792333333333342,
  "average_cpu_budget": 0.9333333333333333,
  "containment_pressure": 0.06666666666666665,
  "switching_rate": 0.1,
  "unnecessary_escalations": 0,
  "benign_restriction_rate": 0.0,
  "malicious_containment_rate": 0.6666666666666666,
  "tier_occupancy": {
    "L1": 0.8666666666666667,
    "L2": 0.13333333333333333
  },
  "explanation_coverage": 1.0,
  "mean_time_to_safe_containment": 0.0,
  "total_records": 60
}