{
  "tier_field": "new_tier",
  "precision": 0.0,
  "recall": 0.0,
  "false_positive_rate": 0.3333333333333333,
  "adaptation_latency_seconds_mean": 29.238183,
  "average_observed_load": 41.31222222222223,
  "average_cpu_budget": 0.8888888888888888,
  "containment_pressure": 0.11111111111111116,
  "switching_rate": 0.1111111111111111,
  "unnecessary_escalations": 4,
  "benign_restriction_rate": 0.3333333333333333,
  "malicious_containment_rate": 0.0,
  "tier_occupancy": {
    "L1": 0.7777777777777778,
    "L2": 0.2222222222222222
  },
  "explanation_coverage": 1.0,
  "mean_time_to_safe_containment": 0.0,
  "total_records": 18
}