{
  "tier_field": "proposed_tier",
  "precision": 1.0,
  "recall": 1.0,
  "false_positive_rate": 0.0,
  "adaptation_latency_seconds_mean": 4.9323365,
  "average_observed_load": 35.18999999999999,
  "average_cpu_budget": 0.7499999999999999,
  "containment_pressure": 0.2500000000000001,
  "switching_rate": 0.05555555555555555,
  "unnecessary_escalations": 0,
  "benign_restriction_rate": 0.0,
  "malicious_containment_rate": 1.0,
  "tier_occupancy": {
    "L1": 0.6666666666666666,
    "L2": 0.05555555555555555,
    "L3": 0.2777777777777778
  },
  "explanation_coverage": 1.0,
  "mean_time_to_safe_containment": 9.864673,
  "total_records": 18
}