{
  "precision": 1.0,
  "recall": 0.6666666666666666,
  "false_positive_rate": 0.0,
  "adaptation_latency_seconds_mean": 10.7968645,
  "average_observed_load": 2.3133333333333335,
  "average_cpu_budget": 0.7333333333333331,
  "containment_pressure": 0.26666666666666694,
  "switching_rate": 0.05555555555555555,
  "unnecessary_escalations": 0,
  "benign_restriction_rate": 0.0,
  "malicious_containment_rate": 0.6666666666666666,
  "tier_occupancy": {
    "L1": 0.6666666666666666,
    "L3": 0.3333333333333333
  },
  "explanation_coverage": 1.0,
  "mean_time_to_safe_containment": 21.593729,
  "total_records": 18
}