{
  "tier_field": "new_tier",
  "precision": 0.8571428571428571,
  "recall": 1.0,
  "false_positive_rate": 0.1111111111111111,
  "adaptation_latency_seconds_mean": 2.6974168888888888,
  "average_observed_load": 11.331833333333334,
  "average_cpu_budget": 0.6466666666666668,
  "containment_pressure": 0.35333333333333317,
  "switching_rate": 0.016666666666666666,
  "unnecessary_escalations": 4,
  "benign_restriction_rate": 0.1111111111111111,
  "malicious_containment_rate": 1.0,
  "tier_occupancy": {
    "L1": 0.5333333333333333,
    "L2": 0.06666666666666667,
    "L3": 0.4
  },
  "explanation_coverage": 1.0,
  "mean_time_to_safe_containment": 0.0,
  "total_records": 60
}